text,source,created_at
"I absolutely love this new Python library! It makes data analysis so much easier and faster. #python #datascience",sample,2024-01-15 10:30:00
"This is the worst experience I've ever had with customer service. Completely disappointed and frustrated.",sample,2024-01-15 11:00:00
"The weather today is quite normal. Nothing special to report.",sample,2024-01-15 11:30:00
"Just finished an amazing machine learning course! Highly recommend it to anyone interested in AI. ðŸš€",sample,2024-01-15 12:00:00
"I hate when websites are slow and unresponsive. Such a waste of time!",sample,2024-01-15 12:30:00
"Coffee and coding is my favorite combination. Perfect way to start the day!",sample,2024-01-15 13:00:00
"Not sure how I feel about this update. It has some good features but also some bugs.",sample,2024-01-15 13:30:00
"Excellent tutorial! Clear explanations and practical examples. Thank you so much!",sample,2024-01-15 14:00:00
"The app keeps crashing every time I try to save my work. Very annoying and unprofessional.",sample,2024-01-15 14:30:00
"Attended a great tech conference today. Learned a lot about cloud computing and DevOps.",sample,2024-01-15 15:00:00
"Why is debugging so difficult? Spent 3 hours on a single bug. So frustrating!",sample,2024-01-15 15:30:00
"Just deployed my first web application! Feeling proud and excited about the future.",sample,2024-01-15 16:00:00
"The documentation is confusing and lacks proper examples. Need better guides.",sample,2024-01-15 16:30:00
"Wonderful collaboration with my team today. We made great progress on the project!",sample,2024-01-15 17:00:00
"Internet connection is terrible. Can't get any work done. Ugh!",sample,2024-01-15 17:30:00
"Reading an interesting book about software architecture. Lots of valuable insights.",sample,2024-01-15 18:00:00
"This product exceeded my expectations! Quality is outstanding and delivery was fast.",sample,2024-01-15 18:30:00
"Having some technical difficulties with the API. Response times are too slow.",sample,2024-01-15 19:00:00
"Fantastic open-source community! Everyone is so helpful and supportive. Love it!",sample,2024-01-15 19:30:00
"The pricing is way too high for what you get. Not worth it at all.",sample,2024-01-15 20:00:00
"Good morning everyone! Hope you all have a productive day ahead.",sample,2024-01-16 09:00:00
"Terrible mistake in the latest release. How did this even pass testing?",sample,2024-01-16 09:30:00
"Successfully completed my certification exam! Hard work pays off!",sample,2024-01-16 10:00:00
"The interface is okay but could use some improvements. Not bad overall.",sample,2024-01-16 10:30:00
"Best IDE I've ever used! So many useful features and great performance.",sample,2024-01-16 11:00:00
"Disappointed with the lack of updates. Feels like the project is abandoned.",sample,2024-01-16 11:30:00
"Really enjoying this new framework. Makes development much more efficient!",sample,2024-01-16 12:00:00
"Security vulnerability found in version 2.0. This is unacceptable!",sample,2024-01-16 12:30:00
"Great article on machine learning basics. Clear and easy to understand.",sample,2024-01-16 13:00:00
"The support team never responds to my tickets. Horrible customer service.",sample,2024-01-16 13:30:00
"Neutral stance on this topic. Both sides have valid points.",sample,2024-01-16 14:00:00
"Amazing performance improvements in the latest version! Much faster now.",sample,2024-01-16 14:30:00
"Bugs everywhere! This release is a complete disaster.",sample,2024-01-16 15:00:00
"Proud of my team for meeting the deadline. Great teamwork!",sample,2024-01-16 15:30:00
"Average product. Nothing special but gets the job done.",sample,2024-01-16 16:00:00
"Incredible innovation in AI technology! The future is exciting.",sample,2024-01-16 16:30:00
"Worst documentation I've ever seen. Impossible to understand anything.",sample,2024-01-16 17:00:00
"Completed my first open-source contribution today! Feeling accomplished.",sample,2024-01-16 17:30:00
"Meh, it's okay I guess. Nothing to write home about.",sample,2024-01-16 18:00:00
"Outstanding quality and attention to detail. Truly impressive work!",sample,2024-01-16 18:30:00
"System keeps timing out. Very unreliable and frustrating to use.",sample,2024-01-16 19:00:00
"Good basic features but missing some advanced options I need.",sample,2024-01-16 19:30:00
"Love the new dark mode! So much better for late night coding sessions.",sample,2024-01-16 20:00:00
"Pathetic attempt at fixing the issues. Made things even worse!",sample,2024-01-16 20:30:00
"Impressive scalability and performance. Handles large datasets with ease.",sample,2024-01-17 09:00:00
"The UI is clunky and unintuitive. Needs a complete redesign.",sample,2024-01-17 09:30:00
"Pretty standard stuff. Nothing particularly good or bad about it.",sample,2024-01-17 10:00:00
"Phenomenal tutorial series! Best resource I've found on this topic.",sample,2024-01-17 10:30:00
"Absolutely terrible experience. Would not recommend to anyone.",sample,2024-01-17 11:00:00
"Solid performance and reliable service. No complaints so far.",sample,2024-01-17 11:30:00
